Nombre,Cargo,Sobre Mi,Contacto,Celular,Direccion,Correo,Experiencia,Experiencia Cargo,Experiencia Tiempo,Experiencia Contenido,Foto
Nombre1,Cargo1,Sobre Mi1,Contacto,1111,calle1/pais1,Correo1@gmail.com,Experiencia1,Experiencia Cargo1,Experiencia Tiempo1,Experiencia Contenido1, img/foto1.jpg
Nombre2,Cargo2,Sobre Mi2,Contacto,2222,calle2/pais2,Correo2@gmail.com,Experiencia2,Experiencia Cargo2,Experiencia Tiempo2,Experiencia Contenido2, img/foto2.jpg
Nombre3,Cargo3,Sobre Mi3,Contacto,3333,calle3/pais3,Correo3@gmail.com,Experiencia3,Experiencia Cargo3,Experiencia Tiempo3,Experiencia Contenido3, img/foto3.jpg
Nombre4,Cargo4,Sobre Mi4,Contacto,4444,calle4/pais4,Correo4@gmail.com,Experiencia4,Experiencia Cargo4,Experiencia Tiempo4,Experiencia Contenido4, img/foto4.jpg
Nombre5,Cargo5,Sobre Mi5,Contacto,5555,calle5/pais5,Correo5@gmail.com,Experiencia5,Experiencia Cargo5,Experiencia Tiempo5,Experiencia Contenido5, img/foto5.jpg
Nombre6,Cargo6,Sobre Mi6,Contacto,6666,calle6/pais6,Correo6@gmail.com,Experiencia6,Experiencia Cargo6,Experiencia Tiempo6,Experiencia Contenido6, img/foto6.jpg
Nombre7,Cargo7,Sobre Mi7,Contacto,7777,calle7/pais7,Correo7@gmail.com,Experiencia7,Experiencia Cargo7,Experiencia Tiempo7,Experiencia Contenido7, img/foto7.jpg
Nombre8,Cargo8,Sobre Mi8,Contacto,8888,calle8/pais8,Correo8@gmail.com,Experiencia8,Experiencia Cargo8,Experiencia Tiempo8,Experiencia Contenido8, img/foto8.jpg
Nombre9,Cargo9,Sobre Mi9,Contacto,9999,calle9/pais9,Correo9@gmail.com,Experiencia9,Experiencia Cargo9,Experiencia Tiempo9,Experiencia Contenido9, img/foto9.jpg
Nombre10,Cargo10,Sobre Mi10,Contacto,10101010,calle10/pais10,Correo10@gmail.com,Experiencia10,Experiencia Cargo10,Experiencia Tiempo10,Experiencia Contenido10, img/foto10.jpg
Nombre11,Cargo11,Sobre Mi11,Contacto,11111111,calle11/pais11,Correo11@gmail.com,Experiencia11,Experiencia Cargo11,Experiencia Tiempo11,Experiencia Contenido11, img/foto11.jpg
Nombre12,Cargo12,Sobre Mi12,Contacto,12121212,calle12/pais12,Correo12@gmail.com,Experiencia12,Experiencia Cargo12,Experiencia Tiempo12,Experiencia Contenido12, img/foto12.jpg
Nombre13,Cargo13,Sobre Mi13,Contacto,13131313,calle13/pais13,Correo13@gmail.com,Experiencia13,Experiencia Cargo13,Experiencia Tiempo13,Experiencia Contenido13, img/foto13.jpg
Nombre14,Cargo14,Sobre Mi14,Contacto,14141414,calle14/pais14,Correo14@gmail.com,Experiencia14,Experiencia Cargo14,Experiencia Tiempo14,Experiencia Contenido14, img/foto14.jpg
Nombre15,Cargo15,Sobre Mi15,Contacto,15151515,calle15/pais15,Correo15@gmail.com,Experiencia15,Experiencia Cargo15,Experiencia Tiempo15,Experiencia Contenido15, img/foto15.jpg
Nombre16,Cargo16,Sobre Mi16,Contacto,16161616,calle16/pais16,Correo16@gmail.com,Experiencia16,Experiencia Cargo16,Experiencia Tiempo16,Experiencia Contenido16, img/foto16.jpg
Nombre17,Cargo17,Sobre Mi17,Contacto,17171717,calle17/pais17,Correo17@gmail.com,Experiencia17,Experiencia Cargo17,Experiencia Tiempo17,Experiencia Contenido17, img/foto17.jpg
Nombre18,Cargo18,Sobre Mi18,Contacto,18181818,calle18/pais18,Correo18@gmail.com,Experiencia18,Experiencia Cargo18,Experiencia Tiempo18,Experiencia Contenido18, img/foto18.jpg
Nombre19,Cargo19,Sobre Mi19,Contacto,19191919,calle19/pais19,Correo19@gmail.com,Experiencia19,Experiencia Cargo19,Experiencia Tiempo19,Experiencia Contenido19, img/foto19.jpg
Nombre20,Cargo20,Sobre Mi20,Contacto,20202020,calle20/pais20,Correo20@gmail.com,Experiencia20,Experiencia Cargo20,Experiencia Tiempo20,Experiencia Contenido20, img/foto20.jpg
Nombre21,Cargo21,Sobre Mi21,Contacto,21212121,calle21/pais21,Correo21@gmail.com,Experiencia21,Experiencia Cargo21,Experiencia Tiempo21,Experiencia Contenido21, img/foto21.jpg
Nombre22,Cargo22,Sobre Mi22,Contacto,22222222,calle22/pais22,Correo22@gmail.com,Experiencia22,Experiencia Cargo22,Experiencia Tiempo22,Experiencia Contenido22, img/foto22.jpg
Nombre23,Cargo23,Sobre Mi23,Contacto,23232323,calle23/pais23,Correo23@gmail.com,Experiencia23,Experiencia Cargo23,Experiencia Tiempo23,Experiencia Contenido23, img/foto23.jpg
Nombre24,Cargo24,Sobre Mi24,Contacto,24242424,calle24/pais24,Correo24@gmail.com,Experiencia24,Experiencia Cargo24,Experiencia Tiempo24,Experiencia Contenido24, img/foto24.jpg
Nombre25,Cargo25,Sobre Mi25,Contacto,25252525,calle25/pais25,Correo25@gmail.com,Experiencia25,Experiencia Cargo25,Experiencia Tiempo25,Experiencia Contenido25, img/foto25.jpg
Nombre26,Cargo26,Sobre Mi26,Contacto,26262626,calle26/pais26,Correo26@gmail.com,Experiencia26,Experiencia Cargo26,Experiencia Tiempo26,Experiencia Contenido26, img/foto26.jpg
Nombre27,Cargo27,Sobre Mi27,Contacto,27272727,calle27/pais27,Correo27@gmail.com,Experiencia27,Experiencia Cargo27,Experiencia Tiempo27,Experiencia Contenido27, img/foto27.jpg
Nombre28,Cargo28,Sobre Mi28,Contacto,28282828,calle28/pais28,Correo28@gmail.com,Experiencia28,Experiencia Cargo28,Experiencia Tiempo28,Experiencia Contenido28, img/foto28.jpg
Nombre29,Cargo29,Sobre Mi29,Contacto,29292929,calle29/pais29,Correo29@gmail.com,Experiencia29,Experiencia Cargo29,Experiencia Tiempo29,Experiencia Contenido29, img/foto29.jpg
Nombre30,Cargo30,Sobre Mi30,Contacto,30303030,calle30/pais30,Correo30@gmail.com,Experiencia30,Experiencia Cargo30,Experiencia Tiempo30,Experiencia Contenido30, img/foto30.jpg
Nombre31,Cargo31,Sobre Mi31,Contacto,31313131,calle31/pais31,Correo31@gmail.com,Experiencia31,Experiencia Cargo31,Experiencia Tiempo31,Experiencia Contenido31, img/foto31.jpg
Nombre32,Cargo32,Sobre Mi32,Contacto,32323232,calle32/pais32,Correo32@gmail.com,Experiencia32,Experiencia Cargo32,Experiencia Tiempo32,Experiencia Contenido32, img/foto32.jpg
Nombre33,Cargo33,Sobre Mi33,Contacto,33333333,calle33/pais33,Correo33@gmail.com,Experiencia33,Experiencia Cargo33,Experiencia Tiempo33,Experiencia Contenido33, img/foto33.jpg
Nombre34,Cargo34,Sobre Mi34,Contacto,34343434,calle34/pais34,Correo34@gmail.com,Experiencia34,Experiencia Cargo34,Experiencia Tiempo34,Experiencia Contenido34, img/foto34.jpg
Nombre35,Cargo35,Sobre Mi35,Contacto,35353535,calle35/pais35,Correo35@gmail.com,Experiencia35,Experiencia Cargo35,Experiencia Tiempo35,Experiencia Contenido35, img/foto35.jpg
Nombre36,Cargo36,Sobre Mi36,Contacto,36363636,calle36/pais36,Correo36@gmail.com,Experiencia36,Experiencia Cargo36,Experiencia Tiempo36,Experiencia Contenido36, img/foto36.jpg
Nombre37,Cargo37,Sobre Mi37,Contacto,37373737,calle37/pais37,Correo37@gmail.com,Experiencia37,Experiencia Cargo37,Experiencia Tiempo37,Experiencia Contenido37, img/foto37.jpg
Nombre38,Cargo38,Sobre Mi38,Contacto,38383838,calle38/pais38,Correo38@gmail.com,Experiencia38,Experiencia Cargo38,Experiencia Tiempo38,Experiencia Contenido38, img/foto38.jpg
Nombre39,Cargo39,Sobre Mi39,Contacto,39393939,calle39/pais39,Correo39@gmail.com,Experiencia39,Experiencia Cargo39,Experiencia Tiempo39,Experiencia Contenido39, img/foto39.jpg
Nombre40,Cargo40,Sobre Mi40,Contacto,40404040,calle40/pais40,Correo40@gmail.com,Experiencia40,Experiencia Cargo40,Experiencia Tiempo40,Experiencia Contenido40, img/foto40.jpg
Nombre41,Cargo41,Sobre Mi41,Contacto,41414141,calle41/pais41,Correo41@gmail.com,Experiencia41,Experiencia Cargo41,Experiencia Tiempo41,Experiencia Contenido41, img/foto41.jpg
Nombre42,Cargo42,Sobre Mi42,Contacto,42424242,calle42/pais42,Correo42@gmail.com,Experiencia42,Experiencia Cargo42,Experiencia Tiempo42,Experiencia Contenido42, img/foto42.jpg
Nombre43,Cargo43,Sobre Mi43,Contacto,43434343,calle43/pais43,Correo43@gmail.com,Experiencia43,Experiencia Cargo43,Experiencia Tiempo43,Experiencia Contenido43, img/foto43.jpg
Nombre44,Cargo44,Sobre Mi44,Contacto,44444444,calle44/pais44,Correo44@gmail.com,Experiencia44,Experiencia Cargo44,Experiencia Tiempo44,Experiencia Contenido44, img/foto44.jpg
Nombre45,Cargo45,Sobre Mi45,Contacto,45454545,calle45/pais45,Correo45@gmail.com,Experiencia45,Experiencia Cargo45,Experiencia Tiempo45,Experiencia Contenido45, img/foto45.jpg
Nombre46,Cargo46,Sobre Mi46,Contacto,46464646,calle46/pais46,Correo46@gmail.com,Experiencia46,Experiencia Cargo46,Experiencia Tiempo46,Experiencia Contenido46, img/foto46.jpg
Nombre47,Cargo47,Sobre Mi47,Contacto,47474747,calle47/pais47,Correo47@gmail.com,Experiencia47,Experiencia Cargo47,Experiencia Tiempo47,Experiencia Contenido47, img/foto47.jpg
Nombre48,Cargo48,Sobre Mi48,Contacto,48484848,calle48/pais48,Correo48@gmail.com,Experiencia48,Experiencia Cargo48,Experiencia Tiempo48,Experiencia Contenido48, img/foto48.jpg
Nombre49,Cargo49,Sobre Mi49,Contacto,49494949,calle49/pais49,Correo49@gmail.com,Experiencia49,Experiencia Cargo49,Experiencia Tiempo49,Experiencia Contenido49, img/foto49.jpg
Nombre50,Cargo50,Sobre Mi50,Contacto,50505050,calle50/pais50,Correo50@gmail.com,Experiencia50,Experiencia Cargo50,Experiencia Tiempo50,Experiencia Contenido50, img/foto50.jpg
Nombre51,Cargo51,Sobre Mi51,Contacto,51515151,calle51/pais51,Correo51@gmail.com,Experiencia51,Experiencia Cargo51,Experiencia Tiempo51,Experiencia Contenido51, img/foto51.jpg
Nombre52,Cargo52,Sobre Mi52,Contacto,52525252,calle52/pais52,Correo52@gmail.com,Experiencia52,Experiencia Cargo52,Experiencia Tiempo52,Experiencia Contenido52, img/foto52.jpg
Nombre53,Cargo53,Sobre Mi53,Contacto,53535353,calle53/pais53,Correo53@gmail.com,Experiencia53,Experiencia Cargo53,Experiencia Tiempo53,Experiencia Contenido53, img/foto53.jpg
Nombre54,Cargo54,Sobre Mi54,Contacto,54545454,calle54/pais54,Correo54@gmail.com,Experiencia54,Experiencia Cargo54,Experiencia Tiempo54,Experiencia Contenido54, img/foto54.jpg
Nombre55,Cargo55,Sobre Mi55,Contacto,55555555,calle55/pais55,Correo55@gmail.com,Experiencia55,Experiencia Cargo55,Experiencia Tiempo55,Experiencia Contenido55, img/foto55.jpg
Nombre56,Cargo56,Sobre Mi56,Contacto,56565656,calle56/pais56,Correo56@gmail.com,Experiencia56,Experiencia Cargo56,Experiencia Tiempo56,Experiencia Contenido56, img/foto56.jpg
Nombre57,Cargo57,Sobre Mi57,Contacto,57575757,calle57/pais57,Correo57@gmail.com,Experiencia57,Experiencia Cargo57,Experiencia Tiempo57,Experiencia Contenido57, img/foto57.jpg
Nombre58,Cargo58,Sobre Mi58,Contacto,58585858,calle58/pais58,Correo58@gmail.com,Experiencia58,Experiencia Cargo58,Experiencia Tiempo58,Experiencia Contenido58, img/foto58.jpg
Nombre59,Cargo59,Sobre Mi59,Contacto,59595959,calle59/pais59,Correo59@gmail.com,Experiencia59,Experiencia Cargo59,Experiencia Tiempo59,Experiencia Contenido59, img/foto59.jpg
Nombre60,Cargo60,Sobre Mi60,Contacto,60606060,calle60/pais60,Correo60@gmail.com,Experiencia60,Experiencia Cargo60,Experiencia Tiempo60,Experiencia Contenido60, img/foto60.jpg
